Cluster,Count,Avg_Score,Avg_AnswerCount,Avg_ViewCount,Avg_PostLength,Avg_TagCount
0,27250,6.087669724770643,2.5987155963302753,6353.920733944954,1334.4474495412844,1.0
1,2462,14.374898456539398,1.4484159220146222,3216.7908204711616,9009.817221770918,0.7749796913078798
2,38646,7.00279459711225,0.0,0.0,939.7866532111991,0.0
3,17839,6.469084589943383,0.6528953416671338,1138.3346039576209,1213.6521666012668,0.3870172094848366
4,34,2299.8823529411766,24.705882352941178,943602.0882352941,1912.9705882352941,0.6470588235294118
